Revenue,ProductRelated,ProductRelated_Duration,BounceRates,ExitRates
False,28.71464210324314,1069.9878091544426,0.025317232197850703,0.04737827052648244
True,48.2101677148847,1876.2096148889045,0.005117152640461216,0.019555168256813416
