Engagement_Level,Revenue,ProductRelated_Duration
Low Engagement,0.05401459854014599,108.85719946178418
Medium Engagement,0.17493917274939172,627.1758905349635
High Engagement,0.23527980535279805,2848.2055699097323
